time[s],gyro_x[deg/s],gyro_y[deg/s],gyro_z[deg/s]
0,51.64452489,43.83912085,48.70702757
0.17,-44.0908785,0.055977977,-4.616091772
0.29,-32.84434724,36.59321009,31.66932539
0.42,14.49182151,-39.58668539,28.03241849
0.54,-21.54189529,-31.72530337,49.26652086
0.66,-31.97706103,21.23410237,31.22173076
0.78,29.34729934,-43.64328387,-0.251814951
0.9,52.76356876,40.28609497,-25.29070085
1.03,-2.126189082,2.182167059,-50.581459
1.2,-50.02190842,-27.22111026,-12.67331077
1.32,-35.78190186,25.5425158,-12.16973816
1.45,22.85677614,39.53070741,-20.78650774
1.57,-28.78774875,-23.41626942,-4.9238847
1.69,41.15338118,-13.73643396,52.90348506
1.81,12.36557513,-20.73052976,31.10983211
1.93,-24.47939261,8.868527232,-49.32249884
2.11,18.29660505,-54.0785069,25.17880219
2.23,-20.17103647,-54.88981514,7.693505386
2.35,-34.97059362,28.22825547,32.172898
2.47,-53.26719866,-48.14747699,-28.08833917
2.59,-10.49114371,36.03365951,-11.66616555
2.71,-20.17103647,9.67983547,-50.38562202
2.83,-48.70702757,26.35382404,42.664099
2.95,8.616769577,45.15400169,37.79619228
3.12,40.090258,54.33026456,10.37924505
3.24,56.76424657,5.371479329,-55.25347145
3.36,46.27304556,-25.29070085,-7.917359996
3.48,25.29070085,20.17103647,19.24782958
3.6,21.79365295,-7.805404043,25.43061715
3.72,-3.497047903,37.65633328,-47.19625246
3.84,-48.14747699,9.67983547,-20.03112018
3.96,55.14157279,6.994095805,56.09279733
4.13,-21.79365295,-26.6055817,4.196457483
4.25,-1.622616476,-55.14157279,-48.70702757
4.37,47.0843538,24.17165698,46.83259615
4.49,-15.0513148,-0.559550583,6.74233815
4.61,-14.79955714,2.182167059,22.80079816
4.73,-46.52486051,-23.10853379,-43.5873059
4.85,-9.372099838,-51.08503161,-12.86914774
5.03,12.92512572,-32.78842656,-13.93227093
5.15,41.71287447,39.02713481,-2.629761688
5.27,21.29008034,-23.91984203,21.84963093
5.39,-30.91399513,57.01600422,-21.17818169
5.51,18.29660505,-15.10729278,14.54774219
5.63,33.34791985,32.22887598,37.15276068
5.75,-9.67983547,19.0519926,-50.27366607
5.87,-18.24062707,-20.17103647,-24.92704454
6.04,40.64980858,23.41626942,57.0719822
6.16,55.95293833,-30.15860757,5.679214961
6.28,55.14157279,38.71939918,-54.58207951
6.4,21.79365295,-2.433924714,2.685739665
6.53,5.371479329,51.08503161,46.83259615
6.65,-50.581459,-52.76356876,54.94573582
6.77,22.0454679,38.46764152,-8.728668234
6.89,-28.22825547,-40.34207295,-11.66616555
7.06,-19.0519926,23.10853379,-54.52610153
7.18,26.10200909,3.245290247,48.39929194
7.3,21.79365295,-48.95878523,40.90156623
7.42,31.22173076,29.59911429,45.71355228
7.54,-31.72530337,10.74295866,12.86914774
7.66,48.95878523,22.60496119,-30.46634321
7.79,50.581459,20.98234471,48.39929194
7.91,-11.30250924,15.86262304,23.36034874
8.07,-27.72468286,37.65633328,-27.27703094
8.19,2.685739665,-34.15922808,47.22427009
8.31,-41.15338118,1.622616476,4.756008066
8.43,36.59321009,-1.063123189,7.749483362
8.56,33.90747043,-33.65565548,10.49114371
8.68,30.41042253,-47.89571933,-43.78314287
8.8,21.79365295,-13.42869832,-25.29070085
8.97,2.433924714,-46.77661817,50.0778291
9.09,50.581459,-33.90747043,-17.98886941
9.22,49.77009347,53.26719866,-31.22173076
9.34,2.433924714,-23.66808438,-46.58078119
9.46,-25.29070085,0.811308238,-53.07136169
9.58,54.0785069,36.59321009,21.73773227
9.7,-36.59321009,-52.45583313,20.1150585
9.83,-5.371479329,-36.84496775,-25.34667883
10,-4.560171091,-50.83321665,24.67522959
10.12,44.65042909,15.86262304,-5.175642355
10.24,56.76424657,-52.70764808,-30.71815816
10.36,49.77009347,18.5483627,-51.95226052
10.48,-51.64452489,48.70702757,-12.92512572
10.6,-54.33026456,46.52486051,-42.77599766
10.73,-40.34207295,33.09616219,-48.70702757
10.85,-55.14157279,50.83321665,8.5607916
11.01,3.497047903,-33.34791985,-17.54121749
11.13,-51.64452489,48.14747699,47.02843312
11.25,6.994095805,-32.53661161,-37.71225396
11.37,55.95293833,-14.79955714,-5.427457306
11.5,-55.14157279,-53.51895632,41.90871145
11.62,-17.48529681,49.77009347,20.1150585
11.74,-34.15922808,7.805404043,-2.741717641
11.91,-52.45583313,-15.86262304,-48.20345497
12.03,-11.30250924,34.97059362,0.755387557
12.15,-48.14747699,-50.83321665,44.34269346
12.28,-11.30250924,-55.95293833,5.875051935
12.4,-49.77009347,-16.67398857,55.89696035
12.52,-39.27894976,26.10200909,-43.89504153
12.65,35.78190186,27.16513228,51.33678926
12.77,-6.182787567,-55.39338775,51.08503161
12.94,-22.85677614,-40.90156623,7.245910756
13.06,-14.79955714,-52.70764808,41.15338118
13.18,55.14157279,38.46764152,-25.0389432
13.31,-6.994095805,-18.29660505,32.78842656
13.43,41.15338118,-43.02781261,-50.32964405
13.55,-20.98234471,13.98824891,56.45651093
13.67,-7.805404043,23.66808438,-44.95816472
13.79,-27.97644052,-9.67983547,-44.95816472
13.93,-4.30835614,-16.67398857,45.15400169
14.05,-47.0843538,-24.47939261,26.85739665
14.18,-25.29070085,-17.48529681,3.189312271
14.3,-41.96468942,-36.84496775,38.97121413
14.42,-42.77599766,-37.65633328,23.36034874
14.54,-21.79365295,-14.79955714,41.65695379
14.67,26.35382404,0,48.6510496
14.83,-14.79955714,-38.46764152,0.503572606
14.96,8.868527232,48.14747699,20.67460908
15.08,36.03365951,-41.96468942,0.503572606
15.2,-11.30250924,34.97059362,29.29132136
15.32,-18.29660505,10.49114371,17.98886941
15.44,-8.616769577,26.35382404,-33.65565548
15.56,-26.10200909,41.15338118,49.46235783
15.73,26.35382404,-0.811308238,38.97121413
15.85,-36.59321009,-26.10200909,-55.44930843
15.98,-5.119664378,54.33026456,0.503572606
16.1,-42.77599766,34.97059362,-30.15860757
16.22,39.53070741,-45.46173733,-37.15276068
16.34,-46.27304556,-7.805404043,30.91399513
16.47,37.65633328,12.36557513,30.10268689
16.59,2.685739665,55.14157279,57.26781917
16.76,-9.428077815,43.83912085,-44.14685648
16.88,-22.60496119,-1.622616476,-12.67331077
17,20.17103647,15.86262304,-4.867906723
17.12,-25.29070085,-4.30835614,-1.370858821
17.25,-33.09616219,33.34791985,36.28547446
17.37,-40.090258,-26.10200909,15.30312975
17.49,-12.11381748,53.51895632,22.29722556
17.61,36.84496775,22.0454679,-39.83850034
17.78,-53.26719866,-11.30250924,39.78252236
17.9,-33.09616219,-8.616769577,1.314880844
18.02,15.86262304,1.063123189,43.27957027
18.14,-7.805404043,-16.42217362,11.80608185
18.26,54.33026456,-40.90156623,15.30312975
18.39,-39.27894976,-5.119664378,46.77661817
18.51,29.85087194,54.33026456,-15.35905043
18.68,-28.78774875,-37.40451833,-56.51243162
18.8,-13.98824891,30.91399513,-49.51833581
18.92,-48.95878523,-9.428077815,-11.86200253
19.05,-39.27894976,50.83321665,12.61739009
19.17,47.33616875,52.70764808,57.26781917
19.29,-42.77599766,51.89633984,-22.35320353
19.41,35.47416622,-53.51895632,32.39675261
19.53,-57.26781917,26.6055817,-35.39022791
19.7,8.448892943,-34.91461564,-1.650634112
19.82,10.99477361,49.12666186,-51.56058658
19.94,-29.15146236,4.140536802,8.197077992
20.07,9.2042805,41.74089211,-52.9314454
20.19,29.76693363,-45.82545093,-3.497047903
20.31,31.5294664,1.398819161,-41.43315648
20.43,-26.68952001,21.37401866,-32.90032522
20.55,17.26149949,-49.04272354,56.87614522
20.71,-14.63168051,0.867286214,-54.97375346
20.83,-52.7915864,-20.98234471,-11.9179805
20.96,-0.727369921,53.79873161,-55.36542741
21.08,45.34983867,-53.60289464,28.06037883
21.2,23.24845009,36.3134348,-25.20676253
21.32,24.22763496,-22.71685984,-3.497047903
21.44,52.81954674,43.27957027,-41.57301547
21.61,-6.238765544,27.16513228,20.98234471
21.73,-8.5607916,25.0389432,-32.70448824
21.85,5.175642355,-43.83912085,-41.34921816
21.98,-54.52610153,38.3837032,-17.06566252
22.1,-19.83528321,41.57301547,-25.96215009
22.22,-31.44552808,45.6575743,-18.80017765
22.34,-35.55804724,-27.72468286,-53.99456858
22.46,41.62899345,-43.08373329,-41.82477313
22.63,33.82353211,29.79495126,19.72338455
22.75,-56.84818488,7.245910756,-23.3323884
22.87,-3.776823194,-57.01600422,46.9444948
22.99,-17.45733647,21.17818169,29.68299531
23.11,25.82229109,-56.87614522,42.27242505
23.23,-15.44298875,52.6516701,24.31151598
23.35,18.71623934,48.70702757,-29.87883228
23.47,-56.2886343,-45.96530993,-14.01620925
23.59,-24.75916791,-45.71355228,-35.58606488
23.72,-9.400117474,-28.84372673,-19.89126118
23.84,-34.18724572,-47.44806741,-17.87697076
23.96,-38.49560186,-49.32249884,36.50927178
24.08,48.62308926,25.48653783,14.43584354
24.2,54.49814119,-16.42217362,48.25937565
24.32,-47.16829212,-33.85149245,-53.04334405
24.49,19.52754757,34.77475664,54.91777548
24.61,-28.75978841,-12.81322706,3.944699828
24.73,-18.21266673,9.316179157,24.64726925
24.85,18.77221731,-54.49814119,-46.69267985
24.97,-9.456038155,14.18408588,54.74989885
25.09,-5.455417646,50.27366607,-11.49834622
25.21,-12.75724908,-15.86262304,-9.959610761
25.33,-16.31027496,2.48990269,-38.3837032
25.5,12.1977558,28.64788976,-22.99663514
25.62,-54.24632624,17.56923513,-36.53723212
25.74,-37.29261967,13.26082169,19.58352555
25.86,40.76170724,-32.34077463,-50.44154271
25.98,52.31597413,32.033039,-52.0082385
26.1,-29.99078824,-41.09740321,24.19961732
26.22,53.68683295,-29.23540068,5.679214961
26.38,-49.99394808,-2.322026056,-45.29386069
26.51,-40.25813463,-46.32902354,-25.85025143
26.63,-35.8098622,-41.32120052,-44.11889614
26.75,-40.48193194,11.19061058,31.22173076
26.87,23.27641043,-54.0785069,-25.85025143
26.99,43.25160993,-23.36034874,-55.72908372
27.11,14.2679669,3.245290247,-44.28671548
27.23,-26.3258637,-50.0778291,50.13380707
27.39,21.20614203,48.03557833,3.189312271
27.51,-28.31219378,47.53200573,-22.35320353
27.64,-47.42010707,-55.70112338,21.12220371
27.76,-14.01620925,39.83850034,-48.39929194
27.88,41.18134153,16.11443799,16.61801059
28,-37.93605128,14.43584354,-39.19501144
28.12,15.8346627,52.6516701,-31.86516237
28.24,20.14307613,52.39991245,-2.517863031
28.41,-53.04334405,-11.86200253,48.76294825
28.53,27.69666523,-19.35972824,54.74989885
28.65,3.776823194,-51.44868792,49.35045918
28.77,-0.02796034,36.48131144,14.9114558
28.89,-3.832801171,-34.52294169,-1.874431427
29.01,41.62899345,-17.79303244,-54.2183659
29.13,-26.94133496,-55.70112338,44.93020438
29.3,-8.085179334,30.91399513,18.35258302
29.42,47.61594404,23.36034874,-34.46702101
29.54,-53.54691666,-3.049453273,37.20868136
29.66,8.840566892,7.44174773,23.02459548
29.78,-37.99202925,54.27434388,-1.650634112
29.9,-32.06099934,-21.54189529,-22.26926521
30.03,-15.07933244,-38.21582657,53.71479329
30.15,56.48447128,-28.28417615,46.07720859
30.32,28.75978841,-4.364334117,47.97960036
30.44,-5.147682015,0.195836974,51.56058658
30.56,-32.06099934,-49.82607144,-23.77998303
30.68,56.4284933,19.86330084,46.86055649
30.8,45.93734959,48.90286455,-20.6186311
30.92,32.20091564,-1.370858821,50.49752068
31.04,-0.02796034,-21.29008034,13.34476001
31.16,36.25751412,35.97773883,8.924505209
31.32,-5.707175302,0.503572606,37.20868136
31.44,24.95500488,56.20469598,48.6510496
31.56,22.01745026,-54.0785069,55.36542741
31.68,-12.14177782,2.937554616,-46.32902354
31.8,-21.82161329,52.70764808,-37.57239497
31.93,-12.39359277,39.78252236,15.77874202
32.05,55.11361245,-51.70050287,-10.01558874
32.21,6.658399833,20.67460908,-2.573841007
32.33,-55.72908372,15.0513148,2.042308061
32.45,10.71499832,15.30312975,-38.04800723
32.58,36.81700741,13.17688337,-4.25243546
32.7,15.33109009,-37.40451833,-15.24715177
32.82,-25.31871849,-4.364334117,-35.75388422
32.94,-29.37525968,3.441127222,46.74865783
33.06,41.62899345,-9.176262864,13.59657496
33.23,-24.50735295,29.03956371,13.42869832
33.35,7.217950416,-18.0447901,-31.97706103
33.47,-6.462562859,13.17688337,-8.952465549
33.59,-31.75326371,-33.15208287,12.75724908
33.71,-53.04334405,35.16643059,-10.21142571
33.84,35.44614859,40.03428002,23.38830908
33.95,-15.94656135,45.15400169,-28.48001312
34.08,17.96090907,6.434602518,-13.45665866
34.24,9.651875129,2.685739665,41.46111682
34.36,42.49622237,-13.4846763,-0.867286214
34.48,3.972660168,50.21774539,-53.07136169
34.6,51.30882892,14.74357917,-54.38624253
34.72,38.69143883,37.0967827,-22.99663514
34.84,56.98804388,-3.804783534,-56.90410556
34.96,12.58942975,-29.90684992,1.091083529
35.13,37.8801306,-8.616769577,-9.092324547
35.25,19.07995294,-15.35905043,-45.93734959
35.37,15.8346627,-20.22695715,15.19123109
35.49,0.223797315,7.497668411,44.48255245
35.61,-4.336373777,-35.5300869,11.38639026
35.73,-46.3010059,22.54904051,-41.01346489
35.86,8.281016309,-16.9817242,49.91000976
35.98,42.74803732,29.85087194,55.14157279
36.14,-17.26149949,-34.77475664,-21.98948992
36.27,48.87484691,33.29199916,-9.539976472
36.39,-28.56395144,13.42869832,28.03241849
36.51,17.70909412,-18.60434068,-51.44868792
36.63,-24.00378035,39.78252236,23.89188169
36.75,-16.19837631,6.434602518,52.23203582
36.87,25.20676253,-42.52424001,16.67398857
36.99,-38.24378691,-43.02781261,-21.82161329
37.15,25.01092556,-16.9817242,53.93859061
37.27,13.70847361,-50.63737968,-17.62515581
37.4,-13.7643943,29.23540068,-5.679214961
37.52,29.26336102,-14.04416959,-55.89696035
37.64,-5.707175302,27.66870488,-42.30038539
37.76,-32.62054992,-47.64390438,9.539976472
37.88,55.86900001,55.39338775,47.44806741
38.05,33.31995951,45.46173733,29.01160336
38.17,-53.54691666,-46.83259615,31.27765144
38.29,-2.713700005,37.60035531,-12.14177782
38.41,-12.7013284,-40.14623597,-19.49958723
38.53,-36.92890607,-4.616091772,-16.78588723
38.65,17.14954354,20.42279413,36.08963749
38.77,-38.24378691,48.39929194,8.336994285
38.89,22.26926521,-43.33554824,40.4539716
39.06,49.74213313,-23.41626942,12.02987916
39.18,35.50212656,54.83383716,19.77936252
39.3,16.64597093,56.14871801,22.40912421
39.42,-23.19247211,-48.20345497,-9.512016132
39.54,-43.36350858,32.78842656,-13.82037227
39.66,4.783968406,57.26781917,-4.756008066
39.78,-28.56395144,-11.05069429,35.30628959
39.91,-24.2555953,-14.54774219,-52.28801379
40.03,-55.98089867,-22.35320353,-32.033039
40.15,26.07404875,-57.0719822,-49.77009347
40.27,-53.54691666,6.126866886,-25.87821177
40.39,16.89778589,32.48069093,-42.41228405
40.51,1.286920504,-57.0719822,-35.97773883
40.64,47.55996607,-51.14095229,37.12474304
40.76,45.93734959,43.27957027,-47.8677017
40.92,37.06882236,22.0454679,49.63023447
41.04,24.45143227,23.91984203,23.27641043
41.16,35.75388422,-1.930352108,-1.958369744
41.28,-2.46194235,32.22887598,4.476232774
41.4,23.89188169,-1.11904387,-28.42409244
41.52,-10.01558874,-14.29598454,27.47286791
41.65,-36.36941278,23.91984203,50.91715497
41.77,-5.958990252,-27.72468286,25.01092556
41.93,15.8346627,38.15990589,56.9320659
42.05,-51.42072758,43.53138522,50.49752068
42.17,16.08647765,3.189312271,23.97582001
42.29,-48.73498791,24.98296522,3.105373954
42.41,-32.06099934,52.1480975,-17.82099278
42.54,18.21266673,-52.76356876,38.60750052
42.66,19.83528321,8.057218994,32.36873497
42.82,-37.93605128,8.057218994,-55.58922472
42.94,-28.50803076,-0.055977977,-30.69019782
43.06,10.46318337,54.52610153,21.34605832
43.18,13.40073798,-5.175642355,19.9751995
43.3,-19.69542421,-53.5749343,-4.895867064
43.43,-2.769677982,31.97706103,7.161972439
43.55,-55.22551111,53.51895632,11.16259295
43.67,23.3323884,-34.15922808,56.70826859
43.79,33.06814455,-16.67398857,25.15084185
43.91,-3.217272611,19.86330084,-2.965514956
44.03,-4.588131432,43.22364959,-6.630439493
44.15,5.595276644,15.24715177,-50.38562202
44.27,47.00047278,23.6121064,19.30375026
44.39,35.69796354,29.29132136,1.482757478
44.51,-32.62054992,-36.59321009,-23.69604472
44.64,-18.88411597,34.97059362,51.92430018
44.8,7.525686047,-54.88981514,26.94133496
44.92,-33.62769514,16.61801059,-38.29976489
45.05,38.43962388,6.378624542,-25.93418975
45.17,-49.2945385,28.17227749,35.83782254
45.29,-56.84818488,6.686360173,30.10268689
45.41,-40.42595397,-29.59911429,-27.55680623
45.53,-43.36350858,-55.95293833,-2.965514956
45.65,-27.19309262,53.51895632,-46.69267985
45.84,-48.17543733,-45.5177153,1.370858821
45.97,35.75388422,16.61801059,0.867286214
46.08,-47.92367968,1.007145212,52.81954674
46.21,-24.81508859,-42.0206101,-20.05913782
46.33,6.910157488,31.97706103,20.78650774
46.45,36.50927178,22.85677614,-15.55488741
46.57,-14.82751748,-27.16513228,-25.57047614
46.75,47.05639346,51.33678926,-2.266105376
46.87,-19.63944623,34.91461564,35.50212656
46.99,-5.958990252,-11.9179805,-32.28485395
47.11,3.972660168,19.30375026,-51.02905363
47.23,-33.43185816,41.65695379,-33.99140875
47.35,3.16135193,12.36557513,-9.959610761
47.47,51.61656455,36.84496775,18.688279
47.59,-4.336373777,-41.46111682,1.035105553
47.77,-53.295159,-26.40980202,13.79241193
47.89,-22.63297882,32.22887598,1.930352108
48.01,26.57762136,24.42347193,-21.48591732
48.13,-2.769677982,-12.42155311,9.008443526
48.25,-1.147061506,-52.20407548,42.52424001
48.37,17.70909412,29.03956371,-2.517863031
48.49,25.51455546,43.27957027,0.615471264
48.61,26.3258637,55.6451454,19.77936252
48.79,-47.92367968,-29.09554168,36.34139514
48.91,29.01160336,-30.96991581,46.83259615
49.03,5.343518989,16.36625294,-13.82037227
49.15,-55.72908372,-45.76947296,7.721523022
49.27,-25.06690354,-41.46111682,-36.11759783
49.4,26.57762136,53.77077127,-23.6121064
49.52,-47.11237144,-30.15860757,-34.29914438
49.7,-6.77029849,-38.77537715,-11.69418319
49.82,28.20029513,31.97706103,25.71033514
49.94,-54.10646724,35.47416622,53.99456858
50.06,-44.42663177,6.686360173,54.8618548
50.18,33.57177446,17.17756118,-56.34455498
50.3,0.475612266,38.97121413,-15.72276404
50.42,23.89188169,27.41694723,24.17165698
50.54,-17.7650721,37.0967827,5.455417646
50.71,-30.43838287,-16.4781516,-32.59258958
50.84,-37.99202925,-51.70050287,13.82037227
50.96,25.51455546,-50.32964405,-5.763153278
51.08,49.99394808,-47.64390438,50.0778291
51.2,1.035105553,-34.46702101,15.0513148
51.32,29.8229116,6.686360173,21.45795698
51.44,-4.336373777,-28.28417615,5.903012276
51.56,-31.2496911,26.04608841,56.96008354
51.73,-33.12412253,40.84564555,41.26527984
51.85,36.81700741,-14.29598454,18.01682976
51.97,49.18258254,3.189312271,-22.43714185
52.09,44.8742264,-45.76947296,-18.18470639
52.21,-36.36941278,0.503572606,51.50466589
52.34,-48.73498791,-39.83850034,-39.05515244
52.5,-45.23794001,-11.86200253,-16.86982555
52.62,-43.61526624,-44.14685648,-31.10983211
52.75,-47.11237144,33.85149245,2.098228742
52.87,-38.24378691,-7.301831437,0.923206895
52.99,20.39483379,-45.76947296,11.75010387
53.11,22.01745026,-9.987571102,34.8866553
53.23,30.88603479,-27.47286791,-12.39359277
53.35,-21.56985563,8.309033945,33.65565548
53.47,-4.336373777,-5.679214961,21.401979
53.61,21.20614203,-57.0719822,-45.04210304
53.73,-43.36350858,-3.804783534,7.245910756
53.85,23.08057345,46.77661817,-2.545880667
53.97,55.11361245,-4.867906723,49.12666186
54.1,35.19439093,56.70826859,53.12728237
54.22,47.55996607,17.98886941,13.03702437
54.33,-26.13002673,-32.84434724,7.973280677
54.5,-50.60941934,-7.301831437,21.96152958
54.62,38.69143883,-46.58078119,8.085179334
54.74,-27.50082825,45.96530993,-32.73244858
54.86,-20.50673245,12.61739009,5.371479329
54.98,-42.55220035,48.39929194,-51.98027816
55.1,-16.45013396,16.11443799,30.43838287
55.23,45.68553464,11.80608185,-16.56208991
55.35,-14.01620925,-30.96991581,-4.392294457
55.52,45.68553464,12.0578395,50.74927834
55.64,-39.86646068,5.875051935,-50.97307565
55.76,-10.01558874,49.46235783,13.84833261
55.88,-24.2555953,0.251814951,-44.81830572
56,44.8742264,30.10268689,-6.210747908
56.12,24.70318993,-15.35905043,-18.07280773
56.25,-21.56985563,-34.46702101,35.0265143
56.37,-52.23203582,-37.15276068,-36.03365951
56.54,10.71499832,-42.27242505,-41.46111682
56.66,-12.14177782,48.6510496,-16.31027496
56.78,-24.2555953,50.52548102,-0.699409581
56.91,-41.74089211,-40.64980858,-10.43522303
57.03,12.33761479,-26.66155967,15.02335446
57.15,-5.958990252,44.34269346,18.26864471
57.27,23.3323884,-25.59843648,28.28417615
57.39,-4.895867064,-2.433924714,36.3134348
57.56,56.17673564,35.47416622,23.58414606
57.68,-40.67776892,4.000620509,-39.67062371
57.8,-46.04924825,-39.02713481,52.0082385
57.92,-14.01620925,-13.73643396,-53.01538371
58.05,32.00507866,26.04608841,-10.51916134
58.17,-51.42072758,31.66932539,-35.11045262
58.29,33.82353211,0.755387557,-26.10200909
58.46,14.46380388,44.90218674,-45.90938925
58.58,27.38892959,-27.72468286,-18.26864471
58.7,35.19439093,12.61739009,50.30168371
58.82,33.57177446,-54.63800019,4.867906723
58.94,-18.32456539,6.434602518,-15.55488741
59.06,13.96023127,-17.79303244,-42.77599766
59.18,-19.13587362,-2.741717641,-44.0908785
59.3,48.3712743,49.71417278,21.29008034
59.48,-32.87230758,-37.15276068,2.266105376
59.6,34.94257598,-4.056598485,-56.90410556
59.72,7.777443703,33.04018421,51.05701397
59.84,-10.26734639,55.89696035,-55.14157279
59.96,11.77806421,-1.11904387,-19.27578992
60.08,25.51455546,-39.83850034,-50.83321665
60.21,4.2803958,41.65695379,50.44154271
60.33,-42.803958,53.21122069,-33.54375682
60.45,49.99394808,22.54904051,32.14493766
60.57,37.8801306,3.189312271,-46.72069749
60.69,23.89188169,38.15990589,-55.02967414
60.81,6.406584882,-30.96991581,-18.43646404
60.93,32.76040892,52.95940574,21.59781597
61.05,37.8801306,30.10268689,-10.32332437
61.17,-19.94723916,-50.32964405,-40.53790992
61.34,-21.82161329,31.16575279,-49.54629615
61.46,8.029258654,6.686360173,-0.083938317
61.58,8.029258654,-51.14095229,35.69796354
61.7,56.98804388,-21.29008034,55.16959043
61.82,52.12013716,50.52548102,1.986330084
61.94,-31.80924169,-21.54189529,12.92512572
62.06,-28.56395144,21.23410237,-34.71877867
62.18,34.13126774,-25.0389432,45.26590035
62.35,46.24508522,-15.91860101,57.23980154
62.47,-39.3069101,-34.21520606,31.78128135
62.59,-54.91777548,41.90871145,29.59911429
62.71,5.595276644,35.72592388,4.672069749
62.83,-43.11169363,54.83383716,-48.39929194
62.95,-4.895867064,15.0513148,24.14369664
63.07,-40.92952657,-10.23938605,-52.7915864
63.24,-21.82161329,-44.95816472,33.68367311
63.36,2.098228742,9.372099838,-7.497668411
63.48,31.69734303,-23.16451177,-29.54313631
63.6,36.81700741,20.67460908,-38.80333749
63.72,-21.56985563,18.24062707,27.33300891
63.85,-1.958369744,-45.76947296,55.39338775
63.97,-39.86646068,13.42869832,51.70050287
64.09,-1.398819161,-29.34729934,-36.64913077
64.25,38.69143883,-44.95816472,-13.87635025
64.37,-27.7526432,32.78842656,45.20997967
64.49,11.27449161,-16.17041596,-24.87106656
64.61,19.3317106,-30.71815816,18.01682976
64.73,-12.7013284,-25.59843648,49.04272354
64.86,-50.91715497,38.97121413,20.78650774
64.98,-18.63230102,50.02190842,-32.22887598
65.1,-42.803958,2.685739665,-26.52170067
65.27,-33.93543077,51.33678926,11.21857092
65.39,-29.37525968,2.378004033,-5.119664378
65.51,-5.707175302,-41.46111682,-5.231620332
65.63,6.406584882,-19.66746387,17.59719547
65.75,-15.38706807,24.98296522,-40.23011699
65.87,-33.68367311,-56.51243162,-41.71287447
66,-21.82161329,37.90809094,-36.06167715
66.17,42.99979498,-46.58078119,12.02987916
66.29,19.58352555,26.85739665,-3.245290247
66.41,36.00569917,50.27366607,32.90032522
66.53,43.81110321,51.33678926,22.46510219
66.65,40.56587026,5.875051935,0.615471264
66.77,-8.392914966,-40.64980858,-34.55090203
66.89,-13.7643943,47.58792641,-3.077413613
67.01,-33.93543077,-54.63800019,32.39675261
67.18,23.64012404,14.49182151,-41.68491413
67.3,37.8801306,-43.08373329,-20.6186311
67.42,-42.55220035,8.309033945,-6.182787567
67.54,-3.525008243,1.314880844,34.8866553
67.66,37.8801306,36.53723212,-54.33026456
67.78,7.217950416,-21.29008034,-18.94003665
67.91,-17.26149949,31.97706103,-13.42869832
68.03,34.13126774,9.120342183,45.88137161
68.19,56.17673564,-46.58078119,39.50274707
68.31,9.092324547,10.18340808,52.17611513
68.43,56.4284933,19.61148589,-26.04608841
68.55,37.8801306,27.41694723,-36.48131144
68.67,-13.20490101,50.27366607,-51.86832221
68.79,-17.26149949,35.72592388,36.9569237
68.91,-45.23794001,-30.96991581,28.14431715
69.08,11.77806421,-30.96991581,-10.68698068
69.2,-29.37525968,8.309033945,-15.33109009
69.32,3.972660168,30.10268689,52.56773179
69.44,9.092324547,-13.73643396,2.937554616
69.56,-18.32456539,-7.553646388,-41.40513884
69.69,0.783347898,33.85149245,-1.762532769
69.81,1.846471086,-30.71815816,-35.72592388
69.93,-13.7643943,40.03428002,-30.66218018
70.1,20.39483379,-7.301831437,23.94785967
70.22,-6.518540835,-2.182167059,-0.727369921
70.34,1.286920504,-54.88981514,-4.895867064
70.46,-18.88411597,-38.21582657,-37.60035531
70.58,-24.50735295,-4.056598485,-42.18848674
70.71,-8.644729917,42.72001968,-12.81322706
70.83,-49.54629615,28.73182807,-18.15674605
70.95,39.50274707,-42.27242505,-43.27957027
71.11,42.99979498,40.03428002,-7.18993278
71.23,54.55406187,54.02252893,9.931650421
71.35,-44.42663177,-16.9817242,-41.79681279
71.47,-47.92367968,44.34269346,30.77407884
71.59,-53.04334405,-0.307735632,-55.14157279
71.72,-54.91777548,-13.4846763,21.29008034
71.84,-40.92952657,-48.45521262,51.84036187
72.01,-33.12412253,17.17756118,-43.78314287
72.13,6.966135465,36.53723212,-25.37463917
72.25,37.06882236,-7.050073782,-9.847712104
72.37,14.21204622,52.1480975,33.40389782
72.49,14.21204622,45.15400169,-49.65819481
72.61,52.67968774,-9.176262864,-44.48255245
72.73,-53.295159,13.68051327,32.8163869
72.85,26.82943631,-55.19755077,49.40643715
73.02,-31.2496911,32.53661161,-23.55618572
73.14,42.74803732,44.0908785,-32.22887598
73.26,-32.31281429,53.21122069,-27.36096925
73.38,-21.01030505,-11.61024487,-24.64726925
73.5,34.63484035,-49.82607144,1.202982187
73.62,47.81178102,45.96530993,31.55742674
73.74,28.20029513,-20.73052976,57.18388086
73.86,-4.084558826,-53.01538371,1.734515133
73.99,-19.13587362,-24.22763496,-19.69542421
74.11,9.651875129,38.97121413,-17.93289144
74.23,-53.295159,-52.76356876,-1.81845345
74.35,28.20029513,16.36625294,-42.77599766
74.47,46.49684288,10.99477361,19.66746387
74.59,-35.8098622,-3.804783534,-50.35760439
74.72,23.08057345,54.02252893,49.82607144
74.88,-42.30038539,-9.176262864,42.10454842
75,38.69143883,-51.39276724,-21.56985563
75.12,30.63421984,33.5997348,41.88075111
75.24,-55.16959043,-27.47286791,17.03764488
75.36,13.96023127,-23.72406235,-45.04210304
75.49,-7.581606728,34.91461564,-42.0206101
75.61,-35.55804724,40.84564555,10.18340808
75.73,27.38892959,10.99477361,-30.04670892
75.9,-39.86646068,10.99477361,-19.35972824
76.02,-40.92952657,37.90809094,-15.75072438
76.14,44.62246875,-30.15860757,-29.57109665
76.26,-55.98089867,-41.46111682,33.93543077
76.38,22.01745026,30.35444455,30.32648421
76.5,35.44614859,-10.79893664,-36.73306909
76.62,11.77806421,-8.364954626,5.763153278
76.79,4.532210751,42.21644708,-1.34289848
76.91,-18.32456539,-9.176262864,-39.8104827
77.03,19.58352555,33.85149245,46.18910725
77.15,11.77806421,-20.47877211,34.15922808
77.27,25.76631312,25.79427346,19.75140218
77.39,42.99979498,53.77077127,28.89970471
77.51,30.88603479,34.66280069,-17.31742017
77.63,-18.07280773,-39.83850034,-37.04080472
77.8,-50.60941934,-22.35320353,-47.28019078
77.92,17.45733647,44.34269346,-50.30168371
78.04,-38.24378691,50.52548102,18.15674605
78.16,-25.87821177,17.17756118,9.176262864
78.28,-28.56395144,1.314880844,55.56126438
78.4,-33.68367311,-7.301831437,-40.53790992
78.53,-2.769677982,-50.32964405,-43.08373329
78.65,52.67968774,30.66218018,-33.18010051
78.82,47.30820841,-43.33554824,-0.755387557
78.94,-46.55282085,-4.616091772,-46.24508522
79.06,-27.7526432,-12.98110369,-5.119664378
79.18,54.55406187,-17.54121749,-29.90684992
79.3,-11.89002016,54.02252893,-9.623914789
79.42,-27.50082825,45.15400169,49.07068389
79.55,-13.51263664,-47.64390438,-53.21122069
79.71,-47.67186472,-3.245290247,-15.16321346
79.84,-7.022113441,30.91399513,23.72406235
79.96,54.05048927,-32.59258958,5.483377987
80.08,-46.55282085,13.12096269,11.27449161
80.2,40.56587026,7.18993278,-37.65633328
80.32,53.99456858,42.72001968,-33.65565548
80.44,-27.50082825,-41.71287447,2.154206718
80.56,9.092324547,-6.74233815,-32.50865127
80.72,51.05701397,32.53661161,44.00694019
80.84,20.39483379,-52.20407548,-26.10200909
80.96,-52.73560842,-35.5300869,48.62308926
81.08,18.26864471,-45.5177153,-24.05975832
81.21,-30.99793345,-40.14623597,-49.0147632
81.33,13.65249564,-55.44930843,20.67460908
81.45,7.469708071,-55.70112338,-18.49244202
81.57,-32.31281429,22.0454679,-37.01284438
81.74,-53.85465229,33.85149245,4.364334117
81.86,-19.13587362,9.931650421,38.13188825
81.98,51.61656455,-30.96991581,46.02128791
82.1,22.8288158,52.39991245,5.595276644
82.22,6.658399833,-33.40389782,44.06291816
82.34,-55.22551111,9.120342183,-48.5111906
82.46,27.64074454,-53.26719866,38.60750052
82.63,-43.86708119,-56.51243162,36.36941278
82.75,22.01745026,47.02843312,47.30820841
82.87,-55.72908372,-0.307735632,36.90094572
82.99,43.25160993,26.85739665,-42.32840303
83.11,-49.2945385,-13.4846763,-50.21774539
83.23,-31.2496911,-53.26719866,12.1977558
83.35,-19.94723916,-5.679214961,26.85739665
83.47,37.8801306,-36.08963749,24.36749396
83.64,-26.94133496,-23.97582001,29.01160336
83.76,-30.43838287,41.65695379,0.755387557
83.88,-5.147682015,30.35444455,-5.483377987
84,-40.11821834,-2.741717641,-7.385769754
84.12,38.13188825,30.35444455,11.10667227
84.24,-32.06099934,-13.73643396,8.113196971
84.37,6.154827227,44.0908785,4.30835614
84.48,-5.958990252,-18.60434068,41.06944287
84.65,-53.04334405,2.378004033,4.476232774
84.77,14.46380388,20.67460908,44.67838943
84.89,44.8742264,-4.867906723,-53.32311934
85.01,-10.51916134,25.79427346,40.11821834
85.13,40.31405531,-28.28417615,-43.92305917
85.25,-37.43247867,-52.76356876,39.83850034
85.37,34.38308269,17.17756118,-22.80079816
85.49,-39.86646068,38.15990589,51.86832221
85.66,31.69734303,35.22235127,34.77475664
85.78,2.657779324,23.10853379,51.14095229
85.9,20.14307613,16.36625294,44.7343674
86.02,19.3317106,-27.47286791,25.43061715
86.14,57.23980154,-29.90684992,26.6055817
86.26,26.82943631,-1.930352108,-15.47100638
86.38,-42.30038539,23.91984203,6.658399833
86.55,-16.70194891,-33.90747043,-1.902391767
86.67,49.74213313,-5.427457306,-10.1274874
86.79,-10.26734639,43.78314287,12.64535043
86.91,-1.958369744,-21.29008034,6.602421856
87.04,57.23980154,1.874431427,-42.35636337
87.16,47.55996607,-50.32964405,-19.69542421
87.28,24.95500488,-53.01538371,7.022113441
87.4,-7.581606728,39.53070741,-20.00315984
87.57,-4.336373777,42.46826203,-20.28293513
87.69,-12.95308606,-5.427457306,-11.05069429
87.81,35.19439093,-1.11904387,-44.17481682
87.93,-27.7526432,-33.65565548,-25.73835278
88.06,-1.650634112,21.48591732,46.4409222
88.18,-56.54039196,2.378004033,20.39483379
88.3,-52.23203582,-53.82669195,21.56985563
88.46,-17.26149949,1.314880844,22.24130487
88.58,8.840566892,10.18340808,54.13442758
88.7,-41.74089211,-54.38624253,29.40327731
88.83,31.94910068,17.17756118,-13.84833261
88.95,-47.92367968,12.61739009,8.197077992
89.07,-14.01620925,-54.63800019,20.73052976
89.19,-3.525008243,-36.90094572,9.959610761
89.36,-30.99793345,49.71417278,-18.91207631
89.48,33.57177446,-12.67331077,36.84496775
89.6,-27.7526432,42.46826203,-47.83974136
89.72,-51.42072758,-26.66155967,-8.085179334
89.84,-32.31281429,-51.14095229,19.02397497
89.96,7.217950416,-12.42155311,6.574461516
90.08,22.8288158,54.83383716,19.9751995
90.2,4.532210751,-4.616091772,45.88137161
90.37,-22.38116387,-49.26652086,-18.91207631
90.49,56.17673564,7.497668411,-52.34393447
90.61,42.18848674,20.67460908,0.67144924
90.73,-20.7585474,-23.97582001,-52.95940574
90.85,-54.10646724,42.46826203,-46.46888254
90.98,-16.45013396,30.35444455,9.539976472
91.1,-4.084558826,3.189312271,-11.19061058
91.22,-39.05515244,42.46826203,-19.24782958
91.39,51.86832221,8.309033945,11.27449161
91.51,30.88603479,-9.176262864,-22.63297882
91.63,26.57762136,43.27957027,24.84310622
91.75,-21.56985563,-50.32964405,37.57239497
91.87,15.8346627,19.61148589,21.37401866
91.99,-37.43247867,14.49182151,-8.141157311
92.11,42.18848674,32.78842656,21.09424337
92.27,-15.63882572,13.68051327,-3.16135193
92.4,-34.74673901,14.49182151,31.69734303
92.52,29.26336102,-51.95226052,-44.79028808
92.64,14.46380388,-50.32964405,-0.951224531
92.76,23.08057345,13.42869832,56.9320659
92.88,-10.26734639,-56.51243162,-48.14747699
93,-7.833421679,50.27366607,-40.64980858
93.12,2.657779324,-50.0778291,51.14095229
93.31,1.035105553,-29.90684992,23.91984203
93.43,8.029258654,-18.60434068,13.98824891
93.55,-10.26734639,-15.10729278,-2.154206718
93.67,-30.99793345,-3.804783534,37.82415262
93.79,-32.62054992,54.58207951,-49.51833581
93.91,-46.04924825,25.5425158,44.00694019
94.04,1.035105553,54.58207951,-41.04148253
94.16,-42.803958,47.58792641,55.89696035
94.33,-8.896487572,-30.96991581,-14.60372017
94.46,-1.091083529,-13.23286135,-53.96660824
94.58,37.62831565,16.61801059,-47.95164002
94.7,4.2803958,13.93227093,-48.76294825
94.82,32.50865127,56.96008354,22.29722556
94.94,4.783968406,-37.71225396,32.25683632
95.06,-57.09994254,1.314880844,1.986330084
95.18,13.65249564,1.063123189,13.12096269
95.35,-12.95308606,-41.71287447,-41.29324018
95.47,15.58290504,9.120342183,5.39943967
95.59,-5.39943967,2.629761688,-10.18340808
95.71,52.67968774,-25.34667883,20.70256942
95.83,22.8288158,39.22297178,-49.96593044
95.95,2.909536979,15.55488741,-43.11169363
96.08,-18.88411597,16.11443799,47.50404539
96.25,-29.37525968,-32.84434724,-51.08503161
96.37,24.70318993,-46.02128791,56.23265632
96.49,-0.839268578,-14.54774219,-35.55804724
96.62,40.31405531,-57.0719822,29.79495126
96.74,-15.63882572,-43.89504153,-47.53200573
96.86,-23.44428706,22.54904051,6.09884925
96.98,36.25751412,10.18340808,54.58207951
97.1,49.99394808,46.77661817,-28.11635681
97.27,-1.398819161,12.86914774,15.97457899
97.39,-4.084558826,-2.182167059,19.63944623
97.51,57.23980154,-43.33554824,-50.46950305
97.63,-18.88411597,12.61739009,-18.43646404
97.76,17.70909412,47.58792641,8.336994285
97.88,46.49684288,-11.05069429,37.57239497
98,55.92492069,-40.64980858,45.99327027
98.12,-47.92367968,-29.90684992,55.56126438
98.29,5.595276644,-20.47877211,20.53469279
98.41,-8.392914966,35.47416622,0.923206895
98.53,-5.707175302,-30.15860757,-4.895867064
98.65,49.43439749,16.92574623,12.72928874
98.77,-30.18656792,51.89633984,11.44236824
98.89,-56.79220691,1.063123189,24.78712825
99.01,20.70256942,-23.97582001,-46.60879883
99.18,52.42787279,51.58860421,-29.65503497
99.3,-38.49560186,-0.867286214,23.41626942
99.42,34.38308269,9.623914789,11.21857092
99.55,-18.63230102,-38.77537715,-16.81384757
99.67,46.18910725,-6.74233815,-50.13380707
99.79,-36.36941278,55.95293833,24.08771867
99.91,-57.04396456,-33.09616219,31.55742674
100.03,-8.896487572,27.66870488,31.89318
100.21,29.8229116,-35.83782254,-40.14623597
100.33,51.05701397,39.22297178,-2.433924714
100.45,14.21204622,52.95940574,-2.405964373
100.57,52.12013716,-9.987571102,0.307735632
100.69,10.15544774,-11.05069429,-51.70050287
100.81,43.25160993,24.73120756,3.189312271
100.93,-47.92367968,49.21060018,32.48069093
101.05,-45.74151262,37.90809094,32.34077463
101.21,-5.39943967,-35.83782254,-21.09424337
101.34,-0.839268578,28.98358573,-31.41756774
101.46,-36.36941278,38.41166354,17.03764488
101.58,43.50336758,-16.9817242,2.685739665
101.7,57.23980154,53.51895632,31.69734303
101.82,-14.57575983,-54.88981514,-53.35107969
101.94,16.89778589,1.063123189,2.741717641
102.12,11.83404219,36.28547446,-39.1670511
102.24,21.76569261,56.96008354,-29.90684992
102.36,-33.12412253,-14.85547782,-30.99793345
102.48,-14.32394488,-36.90094572,-54.2183659
102.6,22.52102287,-11.05069429,56.82016725
102.72,24.95500488,33.34791985,39.55872505
102.84,35.19439093,27.16513228,49.35045918
102.96,6.71437781,-51.39276724,47.78376338
103.13,10.71499832,55.33740977,40.090258
103.25,-36.92890607,8.001241017,20.42279413
103.38,1.538678159,-53.82669195,-28.36811447
103.5,-44.98612506,-40.090258,39.64266337
103.62,26.57762136,45.71355228,8.896487572
103.74,-56.54039196,20.42279413,-6.71437781
103.86,-12.7013284,-43.33554824,16.31027496
103.99,25.51455546,-55.70112338,24.81508859
104.12,18.82813799,14.49182151,9.735813446
104.25,48.67900994,18.49244202,21.90555161
104.37,43.81110321,-52.25999616,-56.34455498
104.49,-21.31804068,30.6062595,44.0908785
104.61,-50.10584673,38.97121413,-55.08565211
104.74,-25.62645412,52.70764808,21.34605832
104.86,-10.26734639,15.86262304,-12.33761479
105.03,-49.2945385,46.21712488,37.15276068
105.15,29.45919799,10.43522303,-12.28163682
105.27,-33.73959379,10.79893664,32.70448824
105.39,37.46049631,34.41104303,-10.43522303
105.52,34.80271698,-29.54313631,38.83129783
105.64,-21.37401866,49.46235783,28.14431715
105.76,-29.43123765,53.65881532,14.71561883
105.88,53.79873161,26.91337462,-3.497047903
106.05,3.049453273,-52.48385077,30.57824186
106.17,6.910157488,-43.13971127,-49.0147632
106.3,-35.30628959,56.20469598,50.27366607
106.42,-50.721318,-47.69988236,-15.27516941
106.54,35.5300869,52.90348506,-25.71033514
106.66,48.76294825,-11.69418319,-49.21060018
106.78,49.43439749,52.48385077,-35.89380051
106.96,36.59321009,19.10791328,17.17756118
107.08,-17.98886941,-47.33616875,50.69335766
107.2,17.79303244,0,27.8925022
107.32,2.993475296,-1.622616476,52.06415918
107.44,28.5359911,-12.42155311,40.95754421
107.56,46.02128791,40.28609497,30.6062595
107.68,-14.79955714,40.53790992,19.1918516
107.81,6.686360173,-56.31659464,-43.39146892
107.98,-2.993475296,16.61801059,-2.685739665
108.1,-32.28485395,41.20930187,-18.10076807
108.22,-10.23938605,-11.49834622,30.24254589
108.35,45.71355228,4.867906723,55.53324674
108.47,55.95293833,-42.52424001,-22.71685984
108.59,-50.02190842,-8.113196971,41.34921816
108.71,-8.057218994,-3.804783534,-3.245290247
108.84,11.30250924,22.0454679,26.66155967
109.01,-35.78190186,-12.36557513,-33.29199916
109.13,55.14157279,-51.64452489,52.76356876
109.25,55.14157279,-27.97644052,-27.16513228
109.37,-40.090258,0.811308238,-5.679214961
109.5,3.748862854,7.805404043,30.35444455
109.62,56.20469598,-37.65633328,50.27366607
109.74,49.21060018,34.15922808,37.0967827
109.91,-47.0843538,45.71355228,10.49114371
110.03,47.33616875,-3.245290247,15.10729278
110.15,41.15338118,29.03956371,-53.71479329
110.27,6.994095805,-49.77009347,0.363713608
110.39,-37.65633328,16.67398857,36.9569237
110.52,-13.17688337,-4.30835614,47.44806741
110.64,-9.67983547,23.66808438,21.59781597
110.76,-6.182787567,-55.14157279,28.28417615
110.93,17.48529681,35.78190186,-52.45583313
111.06,-18.29660505,11.30250924,-48.70702757
111.18,1.874431427,-55.14157279,-54.63800019
111.3,-8.616769577,27.97644052,2.126189082
111.43,-28.78774875,37.65633328,3.748862854
111.55,23.66808438,36.84496775,-16.42217362
111.67,-11.30250924,8.868527232,-5.931029912
111.8,2.685739665,-53.26719866,-54.0785069
111.96,0,-38.46764152,19.35972824
112.08,34.97059362,48.95878523,-7.805404043
112.21,34.97059362,-23.66808438,-10.49114371
112.33,10.49114371,17.48529681,-47.0843538
112.45,-48.95878523,27.97644052,-4.867906723
112.58,-34.97059362,10.49114371,-30.15860757
112.7,34.97059362,6.182787567,37.90809094
112.87,-20.17103647,36.03365951,-50.83321665
112.99,7.805404043,-40.90156623,-30.91399513
113.12,14.79955714,3.748862854,-34.41104303
113.24,11.30250924,-17.23348186,-17.73705446
113.36,-43.83912085,-24.22763496,17.23348186
113.49,-26.35382404,0.251814951,24.22763496
113.61,-19.35972824,-2.433924714,23.41626942
113.73,1.622616476,-14.79955714,-26.35382404
113.91,26.91337462,33.09616219,-40.5938306
114.03,-44.90218674,37.40451833,-20.67460908
114.15,-0.251814951,-4.560171091,-25.5425158
114.28,-5.371479329,-5.371479329,32.78842656
114.4,41.96468942,32.28485395,5.063743698
114.52,-27.97644052,-23.66808438,6.686360173
114.64,27.97644052,55.14157279,-9.428077815
114.77,-40.34207295,33.34791985,27.97644052
114.9,-11.5542669,40.34207295,-16.67398857
115.03,-4.560171091,-35.78190186,-24.47939261
115.15,29.59911429,-21.79365295,-2.433924714
115.28,35.78190186,20.17103647,-53.01538371
115.4,4.30835614,27.16513228,28.22825547
115.52,-20.17103647,-39.27894976,-27.97644052
115.65,0.811308238,-12.11381748,50.581459
115.82,-29.85087194,-51.39276724,-55.39338775
115.94,-19.35972824,3.748862854,-43.27957027
116.06,-19.35972824,-54.0785069,4.867906723
116.19,-8.057218994,20.98234471,40.90156623
116.31,-52.70764808,-41.15338118,-4.30835614
116.43,-43.02781261,30.66218018,21.48591732
116.56,53.26719866,-53.26719866,8.5607916
116.68,11.30250924,-46.27304556,-25.0389432
116.85,19.10791328,23.66808438,-9.120342183
116.97,-15.0513148,-21.79365295,-19.0519926
117.1,36.59321009,-5.119664378,-54.02252893
117.22,19.10791328,-47.0843538,-50.27366607
117.34,-26.35382404,22.85677614,55.14157279
117.47,25.29070085,55.14157279,43.27957027
117.59,28.78774875,45.46173733,-35.27832925
117.76,19.10791328,-47.33616875,42.21644708
117.88,19.10791328,-26.35382404,-1.063123189
118,-6.182787567,-27.16513228,33.90747043
118.13,-17.48529681,34.15922808,-4.560171091
118.25,-48.14747699,-35.78190186,52.20407548
118.38,-22.85677614,12.36557513,-51.08503161
118.5,22.60496119,43.02781261,21.54189529
118.62,-33.34791985,24.73120756,2.433924714
118.79,-13.17688337,-5.931029912,-7.805404043
118.91,52.45583313,-41.96468942,8.057218994
119.03,55.95293833,35.78190186,57.01600422
119.16,46.27304556,28.78774875,-47.89571933
119.28,8.616769577,-30.66218018,15.30312975
119.4,43.5873059,-55.14157279,26.6055817
119.52,26.91337462,-13.17688337,31.47348842
119.65,-56.20469598,46.27304556,-38.71939918
119.82,-53.51895632,-2.685739665,28.78774875
119.94,11.30250924,-41.96468942,-48.95878523
120.06,-31.47348842,46.52486051,9.67983547
120.19,-6.994095805,51.89633984,26.10200909
120.31,-27.16513228,-22.35320353,-34.41104303
120.43,-5.371479329,11.80608185,-5.62329428
120.56,12.92512572,-49.51833581,-9.931650421
120.73,10.23938605,-47.0843538,2.433924714
120.85,27.72468286,9.67983547,-45.46173733
120.97,51.39276724,-45.46173733,17.73705446
121.1,-57.01600422,-31.47348842,54.58207951
121.22,28.78774875,3.497047903,-4.867906723
121.34,38.46764152,-51.64452489,6.434602518
121.47,52.45583313,11.30250924,1.063123189
121.59,53.26719866,25.29070085,-11.30250924
121.76,33.09616219,7.805404043,-3.497047903
121.88,40.090258,46.27304556,53.26719866
122,-8.057218994,39.27894976,10.23938605
122.12,-52.70764808,-23.66808438,32.033039
122.25,40.90156623,13.17688337,-12.61739009
122.37,8.616769577,-19.10791328,32.84434724
122.49,-41.15338118,8.868527232,-40.5938306
122.62,55.95293833,23.66808438,-1.063123189
122.78,52.45583313,27.16513228,-50.581459
122.9,31.47348842,-49.77009347,30.91399513
123.02,0,-56.76424657,9.931650421
123.15,-27.97644052,-25.29070085,-36.34139514
123.27,-48.95878523,13.17688337,24.98296522
123.39,31.47348842,-52.45583313,-18.85615563
123.52,26.10200909,30.66218018,27.16513228
123.69,6.74233815,11.5542669,-35.47416622
123.81,-49.21060018,-13.73643396,37.15276068
123.94,23.41626942,49.21060018,-47.58792641
124.06,-38.71939918,-5.119664378,-33.5997348
124.18,-24.73120756,-49.77009347,-31.72530337
124.31,-50.02190842,12.36557513,4.560171091
124.43,32.28485395,19.35972824,-43.08373329
124.59,-44.65042909,-41.15338118,-47.39208943
124.72,13.98824891,50.581459,53.77077127
124.84,27.97644052,5.931029912,13.98824891
124.96,35.78190186,-57.01600422,-54.58207951
125.09,8.616769577,49.77009347,0.307735632
125.21,12.11381748,-48.95878523,-0.503572606
125.33,-5.371479329,-29.59911429,51.39276724
125.45,49.77009347,-40.90156623,-5.931029912
125.62,0.811308238,-16.42217362,-36.34139514
125.75,-13.17688337,-2.433924714,-18.0447901
125.87,38.46764152,18.5483627,-43.5873059
125.99,27.97644052,-26.10200909,-28.22825547
126.12,-6.182787567,-56.76424657,32.59258958
126.24,-40.34207295,30.66218018,-50.52548102
126.37,-12.36557513,-24.47939261,52.20407548
126.53,-50.83321665,-21.79365295,40.5938306
126.66,18.29660505,19.35972824,50.27366607
126.78,0.811308238,22.85677614,3.748862854
126.9,-2.685739665,9.67983547,-15.61086538
127.03,46.27304556,-6.994095805,19.35972824
127.15,-5.371479329,-55.14157279,1.874431427
127.27,46.27304556,-6.182787567,54.33026456
127.39,-44.65042909,46.27304556,27.16513228
127.56,45.46173733,22.60496119,-23.66808438
127.68,0.811308238,28.78774875,-8.868527232
127.8,0.811308238,13.17688337,29.59911429
127.92,27.97644052,-12.92512572,42.77599766
128.05,-55.95293833,-51.39276724,-41.15338118
128.17,55.14157279,15.86262304,-46.52486051
128.29,-41.15338118,-32.28485395,-52.1480975
128.42,33.09616219,-1.622616476,34.21520606
128.54,-39.53070741,39.53070741,50.32964405
128.66,43.5873059,5.371479329,-7.805404043
128.79,50.581459,41.15338118,-11.86200253
128.91,-22.0454679,-48.14747699,-27.47286791
129.03,40.90156623,0.811308238,37.0967827
129.16,-42.21644708,7.805404043,34.15922808
129.28,26.10200909,0.811308238,-33.90747043
129.44,-13.98824891,-44.65042909,40.84564555
129.57,2.685739665,-31.47348842,27.66870488
129.69,-32.28485395,-28.78774875,-1.370858821
129.82,22.85677614,22.85677614,-32.28485395
129.94,43.83912085,-56.76424657,-28.22825547
130.06,48.14747699,-53.26719866,40.64980858
130.18,-27.16513228,36.84496775,-2.378004033
130.31,-2.685739665,-19.10791328,24.78712825
130.48,-23.66808438,57.01600422,-20.42279413
130.6,-51.64452489,18.5483627,-37.65633328
130.72,-30.66218018,45.71355228,-36.59321009
130.85,-40.34207295,21.23410237,22.85677614
130.97,19.10791328,43.02781261,-19.10791328
131.09,-47.33616875,-14.79955714,45.71355228
131.22,-20.17103647,-13.17688337,-41.71287447
131.39,-9.67983547,47.0843538,3.748862854
131.53,56.76424657,-15.86262304,22.0454679
131.65,-19.35972824,3.497047903,18.29660505
131.78,-26.35382404,47.33616875,25.85025143
131.95,46.27304556,19.35972824,-17.17756118
132.07,14.79955714,-0.811308238,-2.126189082
132.19,55.95293833,30.66218018,20.17103647
132.32,-38.46764152,-49.77009347,45.15400169
132.44,-14.79955714,-21.79365295,55.89696035
132.56,-39.27894976,-3.497047903,-42.27242505
132.69,-25.29070085,-47.33616875,8.057218994
132.81,30.66218018,54.0785069,44.39861414
132.93,-45.46173733,-50.83321665,1.370858821
133.06,-10.49114371,48.14747699,1.370858821
133.18,55.95293833,53.51895632,-32.78842656
133.3,-54.33026456,-23.41626942,2.182167059
133.43,-43.02781261,42.21644708,53.01538371
133.55,-36.03365951,31.72530337,-46.52486051
133.67,22.60496119,-16.42217362,50.02190842
133.8,42.77599766,-0.811308238,-40.64980858
133.92,-44.65042909,18.29660505,4.000620509
134.09,34.15922808,-36.84496775,44.90218674
134.21,-4.30835614,42.77599766,-32.28485395
134.34,55.14157279,-16.67398857,-2.685739665
134.46,-31.47348842,41.15338118,53.26719866
134.58,-48.95878523,1.874431427,17.48529681
134.71,-20.98234471,22.0454679,27.97644052
134.83,48.95878523,-40.90156623,10.49114371
134.95,-36.84496775,-37.40451833,33.09616219
135.08,-25.5425158,-9.428077815,-4.811928747
135.25,-25.5425158,-40.090258,51.14095229
135.37,-22.85677614,-14.79955714,-45.71355228
135.5,21.79365295,-37.65633328,-56.76424657
135.62,-20.17103647,40.090258,20.42279413
135.74,-51.64452489,33.90747043,29.29132136
135.86,13.98824891,37.40451833,-23.97582001
135.99,-27.97644052,15.61086538,18.80017765
136.11,-3.497047903,-55.14157279,-37.40451833
136.28,25.29070085,-35.78190186,-10.74295866
136.4,-5.371479329,29.03956371,-55.6451454
136.53,-33.34791985,14.24000656,-23.36034874
136.65,11.30250924,-41.71287447,30.15860757
136.77,-27.16513228,31.72530337,-46.52486051
136.9,-13.17688337,25.5425158,-29.59911429
137.02,20.98234471,-54.0785069,40.5938306
137.14,-7.805404043,-1.622616476,-20.47877211
137.27,-11.30250924,44.65042909,45.96530993
137.44,45.46173733,53.26719866,34.15922808
137.56,25.29070085,-1.874431427,17.23348186
137.68,-27.16513228,53.26719866,-34.41104303
137.8,48.95878523,32.28485395,-38.71939918
137.93,55.95293833,0,-13.17688337
138.05,0.811308238,-25.29070085,-8.616769577
138.17,-8.868527232,-40.090258,-50.581459
138.3,-25.5425158,43.02781261,-45.46173733
138.47,-11.5542669,-19.10791328,6.74233815
138.59,50.581459,-46.27304556,-17.73705446
138.71,-12.36557513,-31.47348842,26.10200909
138.84,35.78190186,20.98234471,44.65042909
138.96,24.47939261,-11.30250924,41.40513884
139.08,34.15922808,25.5425158,-0.307735632
139.2,-24.47939261,24.73120756,48.6510496
139.33,-9.67983547,8.057218994,-33.90747043
139.49,-22.85677614,-4.30835614,35.5300869
139.62,19.10791328,-20.98234471,-3.189312271
139.74,8.616769577,55.95293833,9.987571102
139.86,-12.36557513,-2.685739665,16.42217362
139.99,14.79955714,41.96468942,-53.26719866
140.11,-55.14157279,-53.26719866,-7.553646388
140.24,-27.16513228,36.03365951,33.5997348
140.36,-50.83321665,50.83321665,24.73120756
140.52,1.622616476,-20.17103647,21.79365295
140.65,26.10200909,-43.83912085,-38.71939918
140.77,-1.874431427,42.77599766,-17.73705446
140.89,-36.84496775,-41.15338118,-29.85087194
141.02,46.27304556,55.14157279,-16.42217362
141.14,18.29660505,-18.29660505,-46.83259615
141.26,28.78774875,-0.811308238,-39.02713481
141.39,49.77009347,37.65633328,-31.47348842
141.57,49.77009347,-39.27894976,7.553646388
141.7,-27.16513228,-54.0785069,-8.309033945
141.82,-31.47348842,39.53070741,54.63800019
141.94,17.48529681,15.86262304,1.370858821
142.06,11.30250924,-35.78190186,-22.85677614
142.19,53.26719866,22.85677614,-17.23348186
142.31,49.77009347,-43.5873059,-9.176262864
142.43,28.78774875,-36.59321009,-15.35905043
142.61,-41.15338118,40.34207295,40.34207295
142.73,13.98824891,5.371479329,-19.10791328
142.86,34.97059362,-12.11381748,24.73120756
142.98,11.30250924,-4.30835614,-35.78190186
143.1,-43.02781261,-48.14747699,52.20407548
143.23,10.23938605,-36.84496775,13.4846763
143.35,10.23938605,-12.36557513,8.364954626
143.47,-43.02781261,49.77009347,31.47348842
143.64,10.49114371,14.79955714,-22.35320353
143.77,-48.95878523,-30.66218018,-50.32964405
143.89,48.14747699,-41.96468942,53.77077127
144.01,20.98234471,50.83321665,-38.46764152
144.14,25.29070085,-15.61086538,46.83259615
144.26,49.77009347,-22.60496119,54.63800019
144.38,-55.14157279,-47.0843538,9.428077815
144.51,-17.48529681,-15.61086538,-49.77009347
144.68,52.45583313,-7.805404043,3.748862854
144.8,-22.85677614,-28.78774875,35.78190186
144.93,12.92512572,50.02190842,-8.309033945
145.05,-1.063123189,38.71939918,-37.0967827
145.17,-57.01600422,-40.90156623,-43.83912085
145.3,-43.83912085,-19.10791328,18.5483627
145.42,18.29660505,-14.79955714,20.42279413
145.55,-23.66808438,-6.994095805,-29.34729934
145.73,27.97644052,32.28485395,-27.72468286
145.85,-3.497047903,18.29660505,-39.27894976
145.97,13.98824891,45.46173733,-46.52486051
146.09,-20.17103647,48.14747699,-30.10268689
146.22,32.28485395,-46.27304556,-8.309033945
146.34,32.28485395,54.33026456,53.01538371
146.46,-13.17688337,-42.77599766,-24.73120756
146.59,-2.685739665,30.66218018,-12.36557513
146.77,-48.14747699,20.17103647,15.86262304
146.89,-20.17103647,55.14157279,-10.23938605
147.01,-29.85087194,45.46173733,-40.90156623
147.13,-39.53070741,13.98824891,-26.91337462
147.26,-46.52486051,13.17688337,49.21060018
147.38,-33.34791985,-33.09616219,-43.5873059
147.51,21.79365295,-22.60496119,-44.65042909
147.63,18.29660505,-28.78774875,41.71287447
147.8,-48.14747699,2.685739665,-55.39338775
147.93,10.49114371,27.16513228,-31.72530337
148.05,-45.46173733,17.48529681,-36.84496775
148.17,-42.77599766,-51.64452489,46.52486051
148.3,-1.622616476,0,-11.61024487
148.42,-49.77009347,-41.96468942,-46.32902354
148.55,31.47348842,37.65633328,17.98886941
148.67,-5.371479329,-56.76424657,-10.74295866
148.83,-11.5542669,-12.11381748,18.60434068
148.96,-18.5483627,-49.77009347,-55.6451454
149.08,47.0843538,27.16513228,-39.78252236
149.2,-50.83321665,13.17688337,33.09616219
149.33,31.47348842,22.85677614,-10.23938605
149.45,44.65042909,-50.581459,0.503572606
149.57,37.65633328,53.51895632,-38.21582657
149.69,-17.48529681,-8.616769577,-54.33026456
149.87,-51.64452489,-14.79955714,0.559550583
149.99,-20.17103647,-27.97644052,25.0389432
150.12,11.30250924,41.96468942,-36.03365951
150.24,35.78190186,-48.14747699,34.15922808
150.36,25.29070085,-41.15338118,52.70764808
150.48,-40.34207295,6.994095805,38.71939918
150.61,-29.85087194,6.994095805,22.0454679
150.73,-36.84496775,7.805404043,34.15922808
150.9,-36.84496775,14.79955714,32.28485395
151.02,56.76424657,51.64452489,42.77599766
151.14,0.811308238,-40.090258,-40.34207295
151.27,-34.97059362,-9.428077815,49.77009347
151.39,-14.79955714,-15.61086538,3.497047903
151.51,2.685739665,-31.47348842,36.03365951
151.64,37.65633328,-9.67983547,7.245910756
151.8,-52.45583313,-27.97644052,51.89633984
151.93,20.98234471,40.34207295,-7.805404043
152.05,7.805404043,50.02190842,16.42217362
152.17,-36.84496775,25.5425158,32.84434724
152.29,36.59321009,36.03365951,-52.95940574
152.42,36.59321009,50.02190842,-45.96530993
152.54,39.27894976,-19.10791328,42.52424001
152.66,41.96468942,26.35382404,40.090258
152.82,10.49114371,-53.26719866,50.02190842
152.95,-17.48529681,-28.78774875,27.41694723
153.07,-55.14157279,23.66808438,34.41104303
153.19,-29.85087194,-55.95293833,27.16513228
153.32,-29.03956371,17.48529681,-18.5483627
153.44,-46.52486051,-44.65042909,37.40451833
153.56,35.78190186,55.95293833,-13.98824891
153.69,-52.45583313,-51.64452489,-32.033039
153.85,8.868527232,11.30250924,42.46826203
153.98,-39.27894976,7.805404043,20.42279413
154.1,13.98824891,20.98234471,-2.685739665
154.22,28.78774875,-25.29070085,6.74233815
154.35,56.76424657,-1.622616476,-33.34791985
154.47,11.30250924,19.35972824,8.868527232
154.59,25.29070085,-14.79955714,-53.26719866
154.76,-9.67983547,54.33026456,-3.497047903
154.88,24.47939261,-43.5873059,3.497047903
155.01,0,36.84496775,10.49114371
155.13,17.48529681,48.14747699,-48.95878523
155.25,52.45583313,0.811308238,1.874431427
155.37,-9.67983547,42.77599766,-33.34791985
155.5,7.805404043,0,1.622616476
155.62,-13.17688337,5.371479329,-3.497047903
155.79,-51.64452489,39.53070741,-52.45583313
155.91,-6.182787567,-19.10791328,22.60496119
156.03,35.78190186,22.85677614,4.056598485
156.16,14.79955714,5.371479329,-23.91984203
156.28,-55.14157279,11.5542669,-18.5483627
156.4,-6.994095805,52.70764808,-46.52486051
156.53,-24.47939261,-23.41626942,-3.748862854
156.65,55.95293833,-12.11381748,-23.91984203
156.82,35.78190186,-31.47348842,-36.03365951
156.94,46.27304556,-23.66808438,-4.30835614
157.07,-41.15338118,-22.85677614,-21.54189529
157.19,-34.97059362,9.428077815,-22.10138858
157.31,20.17103647,48.70702757,-48.20345497
157.44,44.65042909,-51.89633984,-48.45521262
157.56,-44.65042909,-22.0454679,50.02190842
157.73,8.616769577,-14.79955714,-30.91399513
157.85,12.11381748,35.22235127,-35.47416622
157.97,-43.83912085,-39.02713481,13.4846763
158.1,-16.67398857,-8.364954626,19.66746387
158.22,-24.47939261,-46.02128791,-44.90218674
158.34,48.14747699,-51.39276724,-44.65042909
158.47,44.65042909,-21.79365295,-4.056598485
158.59,-0.811308238,-55.14157279,-56.26067396
158.77,-42.77599766,49.77009347,15.55488741
158.89,-14.79955714,-22.85677614,-9.176262864
159.01,20.98234471,53.26719866,55.95293833
159.13,-15.86262304,-20.17103647,2.182167059
159.25,30.41042253,30.66218018,0.307735632
159.37,-56.20469598,1.874431427,42.27242505
159.5,-8.057218994,11.5542669,57.0719822
159.66,11.30250924,4.560171091,-7.497668411
159.79,16.67398857,57.01600422,49.77009347
159.91,1.874431427,12.36557513,-18.85615563
160.03,-5.119664378,-14.79955714,26.04608841
160.15,36.84496775,6.182787567,-1.930352108
160.28,-48.95878523,55.14157279,-46.83259615
160.4,-9.67983547,55.95293833,-18.29660505
160.52,-15.86262304,35.78190186,40.090258
160.69,47.0843538,-30.66218018,-42.21644708
160.81,-1.874431427,9.67983547,9.428077815
160.93,-27.16513228,53.51895632,49.77009347
161.05,0,8.057218994,53.26719866
161.18,-3.497047903,-5.119664378,-29.03956371
161.3,55.95293833,-55.95293833,38.21582657
161.42,45.46173733,-37.65633328,-14.24000656
161.59,17.48529681,42.77599766,6.182787567
161.71,6.994095805,11.30250924,-48.70702757
161.84,-41.96468942,-13.98824891,-35.27832925
161.96,-55.95293833,-5.119664378,-48.20345497
162.09,38.46764152,18.5483627,-41.46111682
162.21,14.79955714,57.01600422,-35.78190186
162.33,-12.36557513,19.35972824,18.85615563
162.49,29.59911429,43.83912085,-43.53138522
162.62,5.119664378,-1.622616476,22.10138858
162.74,-20.17103647,-22.60496119,-32.78842656
162.86,-17.48529681,-56.76424657,9.428077815
162.99,-3.497047903,23.66808438,55.14157279
163.11,55.95293833,-24.47939261,15.0513148
163.23,-30.66218018,-13.98824891,15.0513148
163.35,-13.17688337,-24.47939261,8.868527232
163.53,38.46764152,-7.805404043,-53.82669195
163.65,48.14747699,-49.77009347,7.497668411
163.77,-4.30835614,20.17103647,25.5425158
163.89,-4.30835614,-9.67983547,36.59321009
164.01,20.17103647,-46.52486051,55.70112338
164.14,-45.46173733,-25.5425158,-30.91399513
164.26,-51.64452489,18.29660505,-34.41104303
164.38,39.27894976,-4.30835614,-3.748862854
164.55,25.29070085,7.245910756,21.79365295
164.68,32.28485395,-24.22763496,39.27894976
164.8,-19.35972824,56.20469598,49.51833581
164.92,-57.01600422,-43.5873059,-42.46826203
165.05,-5.371479329,-39.27894976,-27.41694723
165.17,41.96468942,16.67398857,-13.73643396
165.3,6.182787567,-38.46764152,51.58860421
165.46,-55.95293833,-51.64452489,-35.0265143
165.59,-9.67983547,-20.98234471,20.42279413
165.71,-40.34207295,54.33026456,-54.33026456
165.83,46.27304556,-36.59321009,-37.0967827
165.95,-34.15922808,5.371479329,-24.98296522
166.08,-6.994095805,43.83912085,41.46111682
166.2,-27.97644052,50.83321665,-31.97706103
166.32,-20.98234471,-39.27894976,-9.120342183
166.49,17.48529681,-11.30250924,49.77009347
166.62,24.47939261,30.66218018,11.5542669
166.74,-51.64452489,0,23.91984203
166.86,-6.182787567,11.30250924,11.5542669
166.98,-6.182787567,-12.36557513,-42.77599766
167.11,55.95293833,43.5873059,-18.29660505
167.23,24.47939261,-26.35382404,22.85677614
167.35,41.96468942,-34.15922808,57.01600422
167.52,-30.66218018,12.36557513,-19.10791328
167.65,28.78774875,53.51895632,-42.77599766
167.77,1.622616476,1.874431427,16.42217362
167.89,-1.063123189,-18.29660505,-44.34269346
168.02,23.41626942,-7.805404043,-26.85739665
168.14,56.76424657,22.85677614,47.89571933
168.26,51.64452489,-40.090258,-33.90747043
168.43,-28.78774875,46.52486051,39.78252236
168.56,-11.30250924,-47.89571933,41.40513884
168.68,2.685739665,-47.89571933,-0.811308238
168.8,-6.994095805,12.36557513,-7.245910756
168.93,41.96468942,0,-51.08503161
169.05,-10.49114371,-41.15338118,28.78774875
169.17,-34.97059362,-37.65633328,30.91399513
169.3,55.95293833,32.28485395,16.11443799
169.46,25.29070085,-13.17688337,53.77077127
169.59,-6.182787567,16.67398857,-14.54774219
169.71,4.30835614,-33.09616219,-45.46173733
169.83,28.78774875,-5.931029912,-4.000620509
169.95,11.30250924,-12.92512572,52.51181111
170.08,55.95293833,-50.581459,-54.02252893
170.2,48.95878523,-18.29660505,-35.47416622
170.32,-41.96468942,-31.47348842,-29.85087194
170.45,-25.29070085,-41.96468942,-9.987571102
170.57,22.85677614,-55.14157279,-41.76885245
170.7,19.35972824,-46.52486051,-15.41502841
170.82,-38.46764152,-14.24000656,-45.76947296
170.94,1.622616476,3.245290247,45.76947296
171.06,-56.20469598,-46.52486051,39.33487044
171.19,54.88981514,-3.497047903,-29.54313631
171.36,-39.53070741,37.90809094,25.0389432
171.48,49.77009347,-26.66155967,0
171.6,-37.65633328,-34.46702101,50.02190842
171.73,17.48529681,28.48001312,-8.616769577
171.85,48.14747699,-35.5300869,52.70764808
171.97,13.17688337,22.85677614,-20.98234471
172.09,51.64452489,53.26719866,19.66746387
172.21,-14.79955714,-57.01600422,4.056598485
172.39,57.01600422,54.0785069,-14.54774219
172.51,15.86262304,-18.5483627,48.6510496
172.63,-13.98824891,-15.0513148,49.21060018
172.75,-1.874431427,8.616769577,-52.70764808
172.88,-25.5425158,-55.14157279,-31.72530337
173,-18.5483627,-4.30835614,-42.21644708
173.12,1.622616476,22.85677614,8.616769577
173.29,14.79955714,-53.26719866,-17.48529681
173.41,-44.65042909,-21.79365295,-53.26719866
173.54,20.98234471,-46.27304556,-5.931029912
173.66,31.47348842,36.84496775,35.22235127
173.79,13.98824891,-53.26719866,10.74295866
173.91,-41.96468942,-28.78774875,-37.40451833
174.03,30.66218018,29.85087194,-33.09616219
174.16,30.66218018,12.36557513,10.49114371
174.32,24.47939261,37.65633328,-13.42869832
174.44,-16.67398857,0,26.66155967
174.56,46.27304556,-3.497047903,-17.17756118
174.69,0.811308238,-48.95878523,-1.314880844
174.81,3.497047903,44.65042909,16.42217362
174.93,-27.97644052,37.65633328,28.78774875
175.05,-17.48529681,-49.77009347,-45.46173733
175.18,6.994095805,53.51895632,22.0454679
175.35,-30.66218018,43.02781261,-29.59911429
175.47,-23.66808438,8.868527232,-2.433924714
175.59,-13.17688337,48.14747699,-30.41042253
175.72,-27.16513228,-27.97644052,50.02190842
175.84,31.47348842,34.15922808,-46.27304556
175.96,3.497047903,-4.30835614,-21.79365295
176.09,-23.66808438,-25.29070085,15.61086538
176.25,-40.34207295,27.16513228,10.23938605
176.38,40.090258,48.14747699,13.73643396
176.5,19.10791328,55.14157279,-54.33026456
176.62,46.27304556,-21.79365295,53.51895632
176.74,24.47939261,-1.622616476,51.89633984
176.87,24.47939261,47.33616875,56.20469598
176.99,14.79955714,-34.97059362,27.97644052
177.11,-29.85087194,48.95878523,-51.08503161
177.28,-6.182787567,-25.29070085,-51.89633984
177.4,13.98824891,-1.622616476,4.30835614
177.53,34.15922808,43.83912085,52.70764808
177.65,-53.26719866,-25.29070085,47.58792641
177.77,-32.28485395,-13.98824891,51.08503161
177.89,48.14747699,4.30835614,-47.89571933
178.02,45.46173733,5.119664378,25.29070085
178.14,20.98234471,-22.0454679,-38.46764152
178.31,6.994095805,-36.03365951,45.46173733
178.43,52.45583313,21.79365295,4.30835614
178.55,-33.34791985,13.17688337,-35.22235127
178.68,9.428077815,36.03365951,-2.126189082
178.8,-38.71939918,3.748862854,28.5359911
178.92,-18.5483627,-45.20997967,-18.5483627
179.04,-15.86262304,-48.70702757,6.994095805
179.17,-16.67398857,28.22825547,-25.29070085
179.34,37.65633328,-33.90747043,16.67398857
179.46,5.371479329,29.03956371,29.85087194
179.58,-40.090258,-42.77599766,20.17103647
179.71,-46.27304556,55.95293833,47.89571933
179.83,-52.45583313,-47.33616875,35.5300869
179.95,-24.47939261,28.78774875,49.77009347
180.08,-45.46173733,-48.14747699,-44.39861414
180.25,-41.15338118,-48.14747699,16.67398857
180.37,-40.34207295,-41.15338118,-26.35382404
180.49,-26.35382404,0,20.17103647
180.62,35.78190186,0,-26.10200909
180.74,-43.83912085,17.48529681,6.182787567
180.86,53.26719866,51.64452489,-34.15922808
180.98,0.811308238,-36.59321009,7.805404043
181.11,18.29660505,-10.23938605,1.622616476
181.28,32.28485395,-52.20407548,12.11381748
181.4,-13.98824891,42.21644708,-6.182787567
181.52,-21.79365295,57.01600422,-3.497047903
181.65,36.84496775,27.16513228,50.83321665
181.77,54.33026456,-9.67983547,-8.616769577
181.89,-4.30835614,19.10791328,-54.0785069
182.01,-34.97059362,2.433924714,14.24000656
182.14,-27.16513228,26.91337462,-54.88981514
182.31,36.59321009,40.090258,-19.35972824
182.43,-25.5425158,-51.64452489,38.21582657
182.56,47.0843538,-46.27304556,-33.5997348
182.68,-36.84496775,-43.5873059,49.51833581
182.8,25.29070085,-50.581459,-13.42869832
182.93,-44.65042909,57.01600422,30.41042253
183.05,30.66218018,11.5542669,23.66808438
183.17,-2.433924714,22.0454679,-42.52424001
183.34,19.35972824,6.182787567,-35.78190186
183.46,10.49114371,0,8.616769577
183.59,-16.67398857,-3.497047903,28.78774875
183.71,-50.83321665,-38.46764152,56.76424657
183.83,8.616769577,-4.30835614,-22.0454679
183.96,8.616769577,36.84496775,23.41626942
184.08,35.78190186,-43.5873059,-36.84496775
184.24,52.45583313,-9.428077815,41.96468942
184.37,-27.97644052,-30.41042253,45.71355228
184.49,20.17103647,36.03365951,-23.41626942
184.61,50.83321665,15.86262304,-53.26719866
184.74,36.84496775,-48.95878523,41.15338118
184.86,19.35972824,-16.67398857,43.83912085
184.98,-49.77009347,-54.33026456,49.77009347
185.11,-27.97644052,-40.34207295,52.20407548
185.27,52.45583313,-19.35972824,42.77599766
185.4,7.805404043,25.29070085,12.36557513
185.52,32.28485395,-16.67398857,8.057218994
185.64,-30.66218018,-30.66218018,-30.41042253
185.77,-6.994095805,53.26719866,-31.22173076
185.89,-20.98234471,47.0843538,56.20469598
186.01,34.97059362,-29.85087194,33.34791985
186.13,-9.67983547,6.182787567,16.67398857
186.3,4.30835614,0.251814951,18.5483627
186.42,42.77599766,49.21060018,-54.88981514
186.54,40.090258,39.53070741,48.14747699
186.66,-18.5483627,-23.41626942,2.433924714
186.79,39.27894976,44.90218674,26.10200909
186.91,-31.47348842,-4.056598485,47.0843538
187.03,-55.95293833,-20.73052976,-24.73120756
187.16,41.15338118,-9.428077815,34.71877867
187.33,-39.27894976,-33.09616219,-48.14747699
187.45,9.67983547,55.14157279,-51.89633984
187.57,52.45583313,-22.85677614,9.176262864
187.7,17.48529681,16.42217362,-36.03365951
187.82,-42.77599766,50.581459,44.90218674
187.94,54.33026456,53.26719866,12.61739009
188.06,-24.47939261,-9.67983547,1.874431427
188.23,25.29070085,-31.47348842,-9.67983547
188.35,-55.14157279,-46.27304556,-17.23348186
188.48,38.46764152,55.14157279,51.89633984
188.6,-19.35972824,14.79955714,2.433924714
188.72,-39.53070741,42.77599766,-19.61148589
188.85,39.27894976,55.14157279,21.79365295
188.97,-17.48529681,43.02781261,-56.76424657
189.14,-20.17103647,53.51895632,-16.11443799
189.26,21.79365295,36.03365951,41.71287447
189.39,3.497047903,-9.428077815,-15.61086538
189.51,26.35382404,-40.090258,17.17756118
189.63,-1.622616476,-6.994095805,-19.66746387
189.76,51.64452489,-26.35382404,-5.62329428
189.88,-2.685739665,5.119664378,6.238765544
190,18.29660505,-44.65042909,-13.68051327
190.19,-48.14747699,33.34791985,44.65042909
190.31,-37.65633328,-1.622616476,-15.61086538
190.44,-22.85677614,12.36557513,-45.46173733
190.56,-54.33026456,22.85677614,26.35382404
190.68,6.994095805,-7.805404043,16.11443799
190.81,3.497047903,20.98234471,16.92574623
190.93,21.79365295,-2.685739665,35.5300869
191.11,-12.36557513,-34.97059362,-37.0967827
191.23,7.805404043,-11.30250924,54.58207951
191.36,3.497047903,-21.79365295,-1.11904387
191.48,-3.497047903,-19.10791328,45.71355228
191.6,-27.97644052,10.74295866,19.10791328
191.73,5.371479329,-45.20997967,-20.98234471
191.85,4.560171091,-5.931029912,15.0513148
192.02,-13.98824891,-51.64452489,-19.61148589
192.15,21.79365295,0.811308238,22.91269682
192.27,52.45583313,-30.66218018,-17.98886941
192.39,-27.16513228,25.29070085,-40.34207295
192.51,22.60496119,-20.17103647,36.84496775
192.64,-46.52486051,-18.29660505,32.53661161
192.76,49.77009347,36.03365951,4.811928747
192.93,-48.95878523,-46.27304556,39.78252236
193.05,3.497047903,-13.98824891,-40.090258
193.18,-20.98234471,55.14157279,-12.36557513
193.3,37.65633328,40.34207295,-26.35382404
193.42,13.17688337,-32.28485395,-33.34791985
193.55,-30.66218018,10.49114371,-8.309033945
193.7,-5.371479329,48.14747699,-38.15990589
193.87,31.47348842,8.057218994,-23.41626942
193.99,34.97059362,-36.59321009,16.92574623
194.11,-30.66218018,48.14747699,4.560171091
194.23,-41.15338118,41.96468942,33.34791985
194.36,-20.98234471,38.46764152,-33.09616219
194.48,-27.97644052,-37.65633328,-25.29070085
194.6,13.98824891,-23.66808438,24.47939261
194.73,-13.98824891,-44.65042909,-34.15922808
194.9,-41.15338118,10.49114371,35.78190186
195.02,5.119664378,44.65042909,49.51833581
195.15,-43.02781261,-35.78190186,-43.53138522
195.27,54.0785069,-42.77599766,-41.90871145
195.39,35.78190186,26.35382404,-39.78252236
195.52,34.15922808,-23.41626942,-31.22173076
195.64,-43.5873059,-38.21582657,41.90871145
195.76,36.03365951,-17.23348186,-46.32902354
195.89,16.67398857,1.874431427,40.84564555
196.05,42.77599766,-21.79365295,-36.59321009
196.17,53.26719866,20.17103647,-33.34791985
196.3,-8.868527232,4.30835614,32.59258958
196.42,19.91922152,26.91337462,32.08901698
196.54,40.090258,23.41626942,-34.1033074
196.67,16.67398857,-16.67398857,-41.15338118
196.79,-16.42217362,19.35972824,51.33678926
196.91,32.53661161,25.5425158,-35.27832925
197.04,16.67398857,-26.10200909,-19.66746387
197.2,32.28485395,20.17103647,-39.83850034
197.32,-39.53070741,55.95293833,50.83321665
197.44,-37.90809094,-50.83321665,40.64980858
197.57,-51.08503161,19.10791328,-32.22887598
197.69,-21.23410237,25.29070085,-42.46826203
197.81,18.29660505,55.14157279,-11.30250924
197.94,-0.811308238,57.01600422,57.26781917
198.1,-36.59321009,-20.73052976,-9.987571102
198.23,-12.11381748,17.73705446,-30.15860757
198.35,-0.811308238,22.0454679,37.0967827
198.47,24.47939261,8.868527232,-8.616769577
198.6,-30.66218018,12.36557513,-24.73120756
198.72,-2.685739665,20.17103647,19.41564892
198.84,-29.85087194,-44.65042909,11.10667227
198.97,22.60496119,7.805404043,-2.629761688
199.09,-9.67983547,0,50.581459
199.26,-18.29660505,47.33616875,-24.78712825
199.39,-4.30835614,-49.77009347,-38.77537715
199.51,-34.15922808,-34.97059362,16.11443799
199.64,-50.83321665,-48.95878523,55.39338775
199.76,21.79365295,-39.27894976,42.21644708
199.88,28.78774875,-49.77009347,48.95878523
200.01,-40.34207295,-41.96468942,-0.251814951
200.13,-12.36557513,34.97059362,48.70702757
200.3,32.28485395,-27.97644052,45.46173733
200.42,6.994095805,-31.47348842,-24.47939261
200.55,-39.27894976,-38.46764152,-36.84496775
200.67,-28.78774875,13.98824891,-57.01600422
200.8,-6.994095805,6.994095805,-4.30835614
200.92,55.95293833,-53.26719866,-37.40451833
201.04,-20.17103647,-33.09616219,5.371479329
201.17,-43.83912085,-46.27304556,19.10791328
201.34,-29.03956371,48.95878523,-38.97121413
201.46,33.90747043,-55.14157279,1.930352108
201.58,53.26719866,9.67983547,-27.41694723
201.7,41.15338118,-42.77599766,-17.23348186
201.83,41.15338118,-52.45583313,52.95940574
201.95,-48.95878523,-24.47939261,1.314880844
202.07,-52.45583313,-25.29070085,-41.71287447
202.2,-38.46764152,-36.59321009,40.34207295
202.37,52.45583313,-5.931029912,26.35382404
202.5,49.77009347,36.03365951,-55.95293833
202.62,-54.33026456,-1.622616476,-1.063123189
202.74,14.79955714,12.36557513,-51.08503161
202.87,-51.64452489,-14.79955714,-32.53661161
202.99,41.96468942,-48.14747699,20.17103647
203.11,-44.65042909,-47.33616875,-6.994095805
203.24,-29.85087194,18.29660505,28.78774875
203.4,8.616769577,38.46764152,-54.33026456
203.53,42.77599766,-51.64452489,-0.251814951
203.65,-41.15338118,24.47939261,51.39276724
203.77,13.98824891,-4.30835614,-9.67983547
203.9,17.48529681,-22.60496119,-18.29660505
204.02,-34.15922808,-29.59911429,1.874431427
204.15,39.27894976,-56.76424657,43.83912085
204.27,49.77009347,-41.96468942,57.01600422
204.39,-9.67983547,6.994095805,6.182787567
204.51,-11.30250924,30.66218018,55.39338775
204.64,53.51895632,12.36557513,10.99477361
204.76,26.35382404,-19.10791328,-39.83850034
204.88,17.48529681,-42.77599766,-38.21582657
205.01,56.76424657,55.14157279,-45.20997967
205.13,-8.868527232,-41.96468942,15.86262304
205.25,-43.02781261,-52.45583313,-1.314880844
205.37,-36.03365951,-20.98234471,-4.25243546
205.54,29.59911429,9.67983547,23.97582001
205.66,53.26719866,19.35972824,-2.126189082
205.79,38.46764152,-46.27304556,8.616769577
205.91,16.67398857,6.182787567,22.85677614
206.03,-46.27304556,-31.47348842,51.89633984
206.15,-42.77599766,51.64452489,26.35382404
206.28,13.98824891,-4.30835614,7.553646388
206.4,-51.64452489,-35.78190186,55.70112338
206.57,45.46173733,3.497047903,-3.497047903
206.69,10.49114371,-12.36557513,14.24000656
206.81,52.45583313,12.92512572,-20.73052976
206.93,-30.66218018,15.61086538,-3.245290247
207.06,-9.67983547,27.97644052,-14.79955714
207.18,-2.685739665,-15.61086538,-5.371479329
207.31,53.26719866,56.20469598,-36.03365951
207.43,5.119664378,-41.71287447,27.97644052
207.59,-36.84496775,55.39338775,47.33616875
207.72,27.97644052,-17.23348186,53.51895632
207.84,41.15338118,-12.92512572,-40.090258
207.97,27.16513228,22.85677614,42.77599766
208.09,13.17688337,-38.46764152,53.26719866
208.21,-24.47939261,35.78190186,-52.45583313
208.33,-44.65042909,28.78774875,-51.64452489
208.46,-16.67398857,38.46764152,-9.931650421
208.62,-2.685739665,-16.67398857,-41.65695379
208.75,25.29070085,-29.85087194,47.64390438
208.87,-16.67398857,-37.65633328,33.09616219
208.99,-27.97644052,-21.79365295,-12.92512572
209.12,16.67398857,20.17103647,-0.559550583
209.24,20.98234471,42.77599766,51.64452489
209.36,-33.34791985,-32.53661161,0.559550583
209.49,18.29660505,-23.66808438,-19.10791328
209.65,-34.97059362,43.02781261,-41.20930187
209.77,39.27894976,-2.433924714,41.65695379
209.9,19.91922152,46.52486051,-5.931029912
210.02,-15.0513148,15.0513148,0
210.14,35.78190186,18.5483627,40.34207295
210.26,-9.67983547,-11.30250924,-50.83321665
210.39,-9.67983547,0,-2.126189082
210.51,55.95293833,-48.95878523,-1.314880844
210.68,55.14157279,-12.11381748,-23.66808438
210.8,-48.95878523,-8.616769577,50.02190842
210.92,-34.15922808,40.34207295,8.057218994
211.05,-26.35382404,-42.77599766,-28.78774875
211.17,-8.868527232,51.64452489,34.15922808
211.29,-36.84496775,-20.17103647,54.0785069
211.42,18.29660505,-26.35382404,42.52424001
211.54,20.98234471,-20.17103647,52.20407548
211.71,-53.26719866,-46.27304556,48.14747699
211.83,-21.79365295,-56.76424657,-30.41042253
211.95,34.97059362,-45.46173733,-30.41042253
212.08,-29.85087194,-38.46764152,-23.66808438
212.2,-33.34791985,-39.27894976,-10.49114371
212.33,56.76424657,36.84496775,17.48529681
212.45,-26.35382404,-14.79955714,-3.748862854
212.58,8.616769577,20.17103647,22.35320353
212.74,-50.83321665,-53.26719866,-24.73120756
212.86,34.97059362,-28.78774875,11.30250924
212.99,55.14157279,-34.97059362,-18.29660505
213.11,-17.48529681,21.79365295,-19.35972824
213.23,-41.15338118,53.26719866,32.033039
213.35,31.47348842,10.49114371,-14.79955714
213.48,50.83321665,12.36557513,-17.54121749
213.6,5.371479329,-5.931029912,19.55556521
213.76,-2.685739665,-22.60496119,-7.301831437
213.89,-53.51895632,-53.26719866,-5.119664378
214.01,43.5873059,26.35382404,-8.057218994
214.13,-13.17688337,-53.26719866,18.0447901
214.26,-30.66218018,45.46173733,-28.48001312
214.38,29.59911429,40.090258,-26.85739665
214.5,-35.22235127,-5.371479329,36.90094572
214.62,2.433924714,-41.96468942,-11.80608185
214.79,0.811308238,-36.59321009,15.0513148
214.91,-37.65633328,-22.60496119,-47.0843538
215.04,-31.47348842,32.53661161,52.70764808
215.16,40.34207295,-40.90156623,52.95940574
215.28,-15.61086538,-12.92512572,-53.82669195
215.41,-39.27894976,19.35972824,33.34791985
215.53,-48.14747699,-31.47348842,0.559550583
215.65,47.0843538,11.30250924,-19.86330084
215.82,-52.70764808,-50.02190842,50.63737968
215.94,-39.53070741,-15.86262304,-2.378004033
216.07,-37.65633328,10.49114371,-44.39861414
216.19,-34.97059362,-36.59321009,56.70826859
216.31,-45.46173733,14.24000656,-33.40389782
216.44,-17.48529681,42.21644708,-54.63800019
216.56,-10.49114371,1.874431427,-40.90156623
216.68,20.98234471,-4.30835614,38.46764152
216.81,-44.65042909,-28.78774875,-27.97644052
216.93,56.76424657,27.16513228,-10.49114371
217.05,36.59321009,-9.67983547,6.74233815
217.18,-45.71355228,30.41042253,-48.90286455
217.3,-14.24000656,47.89571933,28.03241849
217.42,-1.874431427,11.30250924,34.71877867
217.54,-34.97059362,43.83912085,14.24000656
217.67,-3.497047903,-40.090258,-41.71287447
217.79,35.78190186,-1.622616476,-10.49114371
217.96,53.26719866,43.02781261,-29.59911429
218.08,32.28485395,22.0454679,-36.34139514
218.2,38.46764152,-50.581459,-2.993475296
218.33,-32.28485395,29.03956371,18.80017765
218.45,-18.29660505,-33.09616219,41.15338118
218.57,0,27.16513228,-35.22235127
218.69,-30.66218018,-55.14157279,-26.6055817
218.82,-50.83321665,-20.17103647,-7.497668411
218.98,53.26719866,-41.96468942,-16.11443799
219.11,48.95878523,13.17688337,8.616769577
219.23,48.95878523,34.15922808,42.21644708
219.35,-47.33616875,0,11.5542669
219.47,12.11381748,10.49114371,15.86262304
219.6,-8.868527232,-38.46764152,-40.090258
219.72,4.30835614,51.64452489,16.92574623
219.84,55.95293833,-55.95293833,38.71939918
220,14.79955714,16.67398857,-24.47939261
220.13,22.60496119,-25.29070085,-7.245910756
220.25,-22.0454679,-28.78774875,-32.78842656
220.38,54.0785069,-4.30835614,-50.27366607
220.5,-27.16513228,-25.29070085,53.26719866
220.62,-38.46764152,-39.27894976,-18.0447901
220.75,6.994095805,-32.28485395,-56.51243162
220.87,-41.15338118,-56.76424657,36.84496775
221.04,10.49114371,33.34791985,56.76424657
221.16,-31.47348842,-18.29660505,-32.53661161
221.28,52.45583313,41.15338118,-57.01600422
221.41,-30.66218018,16.67398857,-48.95878523
221.53,-34.15922808,40.34207295,-5.119664378
221.65,28.78774875,33.34791985,-19.35972824
221.78,-40.34207295,6.182787567,9.428077815
221.9,35.78190186,34.15922808,13.17688337
222.06,-16.67398857,-52.45583313,30.66218018
222.18,-19.35972824,6.994095805,45.20997967
222.31,3.245290247,42.77599766,57.0719822
222.43,7.553646388,-15.0513148,-8.812606551
222.55,-34.41104303,-36.03365951,5.427457306
222.68,50.581459,-16.67398857,-17.23348186
222.8,-17.48529681,29.85087194,42.1605264
222.92,13.17688337,-45.20997967,24.67522959
223.09,-45.46173733,-32.84434724,47.02843312
223.21,55.14157279,-28.5359911,38.97121413
223.33,34.15922808,-30.41042253,55.39338775
223.45,44.65042909,-1.622616476,-37.40451833
223.58,34.97059362,-7.805404043,-30.66218018
223.7,32.28485395,-16.67398857,-19.61148589
223.82,12.11381748,33.90747043,43.89504153
223.95,15.61086538,41.71287447,9.987571102
224.11,-36.84496775,43.5873059,15.61086538
224.23,39.27894976,-48.95878523,-55.95293833
224.36,-20.17103647,47.33616875,39.53070741
224.48,-30.66218018,-28.78774875,-30.41042253
224.6,42.77599766,-39.27894976,-9.67983547
224.73,-33.34791985,-2.433924714,-25.5425158
224.85,-16.67398857,-46.02128791,28.78774875
224.98,41.96468942,2.937554616,31.47348842
225.14,-50.83321665,-36.59321009,-18.5483627
225.27,15.61086538,19.35972824,16.42217362
225.39,4.30835614,8.868527232,18.29660505
225.51,3.497047903,23.66808438,41.96468942
225.63,41.96468942,-43.83912085,-57.01600422
225.75,-22.85677614,30.41042253,39.83850034
225.88,-46.52486051,-8.057218994,41.71287447
226,-22.85677614,-6.182787567,-55.95293833
226.16,32.28485395,16.67398857,-23.41626942
226.29,-15.86262304,-18.29660505,-12.92512572
226.41,-33.34791985,-35.78190186,-4.056598485
226.54,55.95293833,47.33616875,53.77077127
226.66,51.64452489,54.33026456,-28.5359911
226.78,-27.97644052,36.84496775,9.67983547
226.91,41.96468942,-12.92512572,-30.66218018
227.03,21.79365295,23.91984203,53.26719866
413.79,56.76424657,6.182787567,-27.72468286
